{
  "algo": "SAC",
  "seed": 0,
  "approach": "non-curriculum",
  "n_envs": 1,
  "total_timesteps": 100000,
  "timesteps_per_map": 25000,
  "training_maps": [
    [
      "highway-v0",
      0.3
    ],
    [
      "merge-v0",
      0.3
    ],
    [
      "intersection-v0",
      0.2
    ],
    [
      "roundabout-v0",
      0.2
    ]
  ],
  "use_discrete": true,
  "hyperparams": {
    "policy": "MlpPolicy",
    "policy_kwargs": {
      "net_arch": [
        128,
        128
      ]
    },
    "learning_rate": 0.0003,
    "batch_size": 128,
    "buffer_size": 50000,
    "gamma": 0.99
  },
  "run_id": "20251123_013716",
  "timestamp": "2025-11-23T01:37:16.676506",
  "resumed_from": null
}