{
  "algo": "PPO",
  "seed": 0,
  "approach": "curriculum",
  "n_envs": 1,
  "total_timesteps": 100000,
  "stages": [
    {
      "name": "Stage1_Highway_Low",
      "map": "highway-v0",
      "traffic": 0.2,
      "timesteps": 25000
    },
    {
      "name": "Stage2_Merge_Medium",
      "map": "merge-v0",
      "traffic": 0.3,
      "timesteps": 25000
    },
    {
      "name": "Stage3_Intersection_Medium",
      "map": "intersection-v0",
      "traffic": 0.2,
      "timesteps": 25000
    },
    {
      "name": "Stage4_Roundabout_High",
      "map": "roundabout-v0",
      "traffic": 0.25,
      "timesteps": 25000
    }
  ],
  "use_discrete": true,
  "hyperparams": {
    "policy": "MlpPolicy",
    "policy_kwargs": {
      "net_arch": [
        64,
        64
      ]
    },
    "learning_rate": 0.0003,
    "n_steps": 1024,
    "batch_size": 64,
    "n_epochs": 10,
    "gamma": 0.99,
    "clip_range": 0.2
  },
  "run_id": "20251123_011735",
  "timestamp": "2025-11-23T01:17:35.826942",
  "resumed_from": null
}