{
  "algo": "PPO",
  "seed": 0,
  "approach": "non-curriculum",
  "n_envs": 1,
  "total_timesteps": 100000,
  "timesteps_per_map": 25000,
  "training_maps": [
    [
      "highway-v0",
      0.3
    ],
    [
      "merge-v0",
      0.3
    ],
    [
      "intersection-v0",
      0.2
    ],
    [
      "roundabout-v0",
      0.2
    ]
  ],
  "use_discrete": true,
  "hyperparams": {
    "policy": "MlpPolicy",
    "policy_kwargs": {
      "net_arch": [
        64,
        64
      ]
    },
    "learning_rate": 0.0003,
    "n_steps": 1024,
    "batch_size": 64,
    "n_epochs": 10,
    "gamma": 0.99,
    "clip_range": 0.2
  },
  "run_id": "20251123_005631",
  "timestamp": "2025-11-23T00:56:31.525964",
  "resumed_from": null
}