{
  "algo": "DQN",
  "seed": 0,
  "approach": "curriculum",
  "n_envs": 1,
  "total_timesteps": 100000,
  "stages": [
    {
      "name": "Stage1_Highway_Low",
      "map": "highway-v0",
      "traffic": 0.2,
      "timesteps": 25000
    },
    {
      "name": "Stage2_Merge_Medium",
      "map": "merge-v0",
      "traffic": 0.3,
      "timesteps": 25000
    },
    {
      "name": "Stage3_Intersection_Medium",
      "map": "intersection-v0",
      "traffic": 0.2,
      "timesteps": 25000
    },
    {
      "name": "Stage4_Roundabout_High",
      "map": "roundabout-v0",
      "traffic": 0.25,
      "timesteps": 25000
    }
  ],
  "use_discrete": true,
  "hyperparams": {
    "policy": "MlpPolicy",
    "policy_kwargs": {
      "net_arch": [
        64,
        64
      ]
    },
    "learning_rate": 0.0001,
    "buffer_size": 25000,
    "batch_size": 32,
    "train_freq": 4
  },
  "run_id": "20251123_020409",
  "timestamp": "2025-11-23T02:04:09.346824",
  "resumed_from": null
}