[
  {
    "algo":"DQN",
    "seed":0,
    "approach":"non_curriculum",
    "approach_label":"Non-Curriculum",
    "run_directory":"experiments\/DQN\/noncurriculum\/seed_0\/run_20251205_093012",
    "mean_reward":59.9745349884,
    "reward_std_across_tests":82.4191618939,
    "mean_success_rate":0.5,
    "mean_collision_rate":0.5,
    "mean_completion_rate":0.6933333333,
    "mean_reward_std_within_tests":16.1996914546,
    "training_time_sec":2371.6548564434,
    "training_time_min":39.5275809407,
    "training_time_hr":0.6587930157,
    "total_timesteps":100000.0,
    "reward_per_1k_steps":0.5997453499,
    "reward_per_min":1.5172832124,
    "standardized_reward":-0.999999997,
    "relative_training_time":1.1439401028
  },
  {
    "algo":"DQN",
    "seed":0,
    "approach":"curriculum",
    "approach_label":"Curriculum",
    "run_directory":"experiments\/DQN\/curriculum\/seed_0\/run_20251205_101901",
    "mean_reward":66.7224457264,
    "reward_std_across_tests":67.1361476938,
    "mean_success_rate":0.5,
    "mean_collision_rate":0.5,
    "mean_completion_rate":0.80375,
    "mean_reward_std_within_tests":19.6480568349,
    "training_time_sec":2073.2334241867,
    "training_time_min":34.5538904031,
    "training_time_hr":0.5758981734,
    "total_timesteps":95000.0,
    "reward_per_1k_steps":0.702341534,
    "reward_per_min":1.930967684,
    "standardized_reward":0.999999997,
    "relative_training_time":1.0
  },
  {
    "algo":"SimpleDQN",
    "seed":0,
    "approach":"non_curriculum",
    "approach_label":"Non-Curriculum",
    "run_directory":"experiments\/SimpleDQN\/noncurriculum\/seed_0\/run_20251205_105931",
    "mean_reward":64.8183875084,
    "reward_std_across_tests":93.1008518644,
    "mean_success_rate":0.5666666667,
    "mean_collision_rate":0.4333333333,
    "mean_completion_rate":0.6683333333,
    "mean_reward_std_within_tests":12.0335470041,
    "training_time_sec":2728.2188923359,
    "training_time_min":45.4703148723,
    "training_time_hr":0.7578385812,
    "total_timesteps":100000.0,
    "reward_per_1k_steps":0.6481838751,
    "reward_per_min":1.425509977,
    "standardized_reward":-0.9999999946,
    "relative_training_time":1.0
  },
  {
    "algo":"SimpleDQN",
    "seed":0,
    "approach":"curriculum",
    "approach_label":"Curriculum",
    "run_directory":"experiments\/SimpleDQN\/curriculum\/seed_0\/run_20251205_115612",
    "mean_reward":68.5213506222,
    "reward_std_across_tests":62.8504293057,
    "mean_success_rate":0.45,
    "mean_collision_rate":0.55,
    "mean_completion_rate":0.8325,
    "mean_reward_std_within_tests":20.4266465902,
    "training_time_sec":3081.2165765762,
    "training_time_min":51.3536096096,
    "training_time_hr":0.8558934935,
    "total_timesteps":100000.0,
    "reward_per_1k_steps":0.6852135062,
    "reward_per_min":1.3343044655,
    "standardized_reward":0.9999999946,
    "relative_training_time":1.1293875961
  },
  {
    "algo":"PPO",
    "seed":0,
    "approach":"non_curriculum",
    "approach_label":"Non-Curriculum",
    "run_directory":"experiments\/PPO\/noncurriculum\/seed_0\/run_20251205_125827",
    "mean_reward":68.9275008837,
    "reward_std_across_tests":89.8339852205,
    "mean_success_rate":0.7,
    "mean_collision_rate":0.3,
    "mean_completion_rate":0.6875,
    "mean_reward_std_within_tests":6.7870733738,
    "training_time_sec":4518.0938389301,
    "training_time_min":75.3015639822,
    "training_time_hr":1.2550260664,
    "total_timesteps":100000.0,
    "reward_per_1k_steps":0.6892750088,
    "reward_per_min":0.9153528458,
    "standardized_reward":-0.9999999994,
    "relative_training_time":1.406749859
  },
  {
    "algo":"PPO",
    "seed":0,
    "approach":"curriculum",
    "approach_label":"Curriculum",
    "run_directory":"experiments\/PPO\/curriculum\/seed_0\/run_20251205_143136",
    "mean_reward":99.9139316082,
    "reward_std_across_tests":103.4844221895,
    "mean_success_rate":0.85,
    "mean_collision_rate":0.15,
    "mean_completion_rate":0.83875,
    "mean_reward_std_within_tests":14.2105498314,
    "training_time_sec":3211.7251052856,
    "training_time_min":53.5287517548,
    "training_time_hr":0.8921458626,
    "total_timesteps":80000.0,
    "reward_per_1k_steps":1.2489241451,
    "reward_per_min":1.8665470113,
    "standardized_reward":0.9999999994,
    "relative_training_time":1.0
  }
]